series_id,surface
0,fine_concrete
1,concrete
2,tiled
3,carpet
4,soft_pvc
5,concrete
6,concrete
7,concrete
8,wood
9,wood
10,fine_concrete
11,soft_pvc
12,wood
13,soft_tiles
14,concrete
15,wood
16,concrete
17,fine_concrete
18,wood
19,fine_concrete
20,soft_pvc
21,concrete
22,fine_concrete
23,hard_tiles_large_space
24,concrete
25,wood
26,concrete
27,tiled
28,fine_concrete
29,concrete
30,fine_concrete
31,soft_tiles
32,concrete
33,soft_pvc
34,concrete
35,concrete
36,carpet
37,soft_tiles
38,wood
39,soft_pvc
40,carpet
41,soft_tiles
42,soft_pvc
43,carpet
44,soft_pvc
45,carpet
46,carpet
47,wood
48,wood
49,wood
50,wood
51,wood
52,fine_concrete
53,tiled
54,carpet
55,tiled
56,tiled
57,wood
58,tiled
59,concrete
60,fine_concrete
61,concrete
62,tiled
63,concrete
64,concrete
65,soft_pvc
66,concrete
67,soft_tiles
68,fine_concrete
69,hard_tiles_large_space
70,tiled
71,fine_concrete
72,fine_concrete
73,wood
74,fine_concrete
75,fine_concrete
76,tiled
77,fine_concrete
78,soft_pvc
79,soft_pvc
80,soft_tiles
81,tiled
82,wood
83,tiled
84,concrete
85,soft_tiles
86,concrete
87,concrete
88,wood
89,concrete
90,fine_concrete
91,concrete
92,wood
93,tiled
94,tiled
95,concrete
96,soft_pvc
97,concrete
98,soft_tiles
99,wood
100,tiled
101,hard_tiles_large_space
102,wood
103,wood
104,fine_concrete
105,concrete
106,concrete
107,wood
108,wood
109,tiled
110,soft_pvc
111,concrete
112,soft_pvc
113,concrete
114,concrete
115,soft_tiles
116,soft_tiles
117,soft_tiles
118,fine_concrete
119,soft_tiles
120,wood
121,wood
122,soft_pvc
123,concrete
124,wood
125,tiled
126,tiled
127,wood
128,fine_concrete
129,concrete
130,hard_tiles
131,concrete
132,soft_pvc
133,wood
134,hard_tiles_large_space
135,concrete
136,soft_pvc
137,hard_tiles_large_space
138,concrete
139,fine_concrete
140,soft_tiles
141,concrete
142,fine_concrete
143,fine_concrete
144,concrete
145,carpet
146,soft_pvc
147,concrete
148,hard_tiles_large_space
149,concrete
150,soft_pvc
151,concrete
152,carpet
153,soft_tiles
154,soft_tiles
155,soft_tiles
156,tiled
157,concrete
158,tiled
159,soft_pvc
160,wood
161,hard_tiles_large_space
162,tiled
163,hard_tiles_large_space
164,fine_concrete
165,soft_tiles
166,fine_concrete
167,hard_tiles_large_space
168,wood
169,tiled
170,wood
171,soft_pvc
172,soft_pvc
173,soft_tiles
174,fine_concrete
175,concrete
176,concrete
177,hard_tiles_large_space
178,concrete
179,fine_concrete
180,concrete
181,fine_concrete
182,wood
183,soft_tiles
184,concrete
185,fine_concrete
186,tiled
187,fine_concrete
188,soft_pvc
189,soft_pvc
190,carpet
191,wood
192,concrete
193,concrete
194,fine_concrete
195,fine_concrete
196,hard_tiles_large_space
197,soft_tiles
198,concrete
199,soft_tiles
200,hard_tiles_large_space
201,fine_concrete
202,wood
203,hard_tiles_large_space
204,soft_tiles
205,concrete
206,soft_pvc
207,wood
208,carpet
209,concrete
210,fine_concrete
211,fine_concrete
212,soft_pvc
213,carpet
214,wood
215,soft_tiles
216,soft_tiles
217,wood
218,wood
219,concrete
220,soft_pvc
221,wood
222,hard_tiles_large_space
223,soft_pvc
224,carpet
225,wood
226,wood
227,fine_concrete
228,fine_concrete
229,tiled
230,wood
231,fine_concrete
232,concrete
233,wood
234,concrete
235,carpet
236,concrete
237,concrete
238,concrete
239,fine_concrete
240,wood
241,tiled
242,tiled
243,soft_pvc
244,wood
245,concrete
246,wood
247,tiled
248,concrete
249,concrete
250,tiled
251,carpet
252,wood
253,concrete
254,concrete
255,soft_tiles
256,fine_concrete
257,fine_concrete
258,fine_concrete
259,soft_tiles
260,concrete
261,concrete
262,fine_concrete
263,concrete
264,concrete
265,wood
266,hard_tiles_large_space
267,tiled
268,tiled
269,wood
270,fine_concrete
271,soft_tiles
272,concrete
273,wood
274,fine_concrete
275,concrete
276,tiled
277,carpet
278,wood
279,soft_pvc
280,concrete
281,carpet
282,fine_concrete
283,wood
284,wood
285,concrete
286,tiled
287,concrete
288,tiled
289,tiled
290,hard_tiles_large_space
291,fine_concrete
292,hard_tiles_large_space
293,soft_tiles
294,concrete
295,soft_pvc
296,soft_pvc
297,tiled
298,wood
299,concrete
300,soft_tiles
301,soft_tiles
302,soft_pvc
303,hard_tiles_large_space
304,concrete
305,tiled
306,tiled
307,fine_concrete
308,concrete
309,concrete
310,hard_tiles_large_space
311,soft_pvc
312,soft_tiles
313,soft_pvc
314,fine_concrete
315,wood
316,soft_pvc
317,wood
318,tiled
319,fine_concrete
320,hard_tiles_large_space
321,fine_concrete
322,soft_pvc
323,soft_tiles
324,tiled
325,wood
326,concrete
327,wood
328,concrete
329,fine_concrete
330,tiled
331,fine_concrete
332,tiled
333,fine_concrete
334,concrete
335,concrete
336,concrete
337,tiled
338,fine_concrete
339,wood
340,soft_pvc
341,hard_tiles_large_space
342,concrete
343,soft_tiles
344,wood
345,concrete
346,fine_concrete
347,soft_pvc
348,concrete
349,soft_pvc
350,hard_tiles_large_space
351,soft_pvc
352,tiled
353,hard_tiles
354,wood
355,tiled
356,soft_pvc
357,soft_tiles
358,wood
359,soft_pvc
360,tiled
361,hard_tiles_large_space
362,concrete
363,wood
364,tiled
365,fine_concrete
366,fine_concrete
367,wood
368,wood
369,concrete
370,hard_tiles_large_space
371,wood
372,fine_concrete
373,concrete
374,wood
375,wood
376,soft_tiles
377,tiled
378,concrete
379,fine_concrete
380,concrete
381,soft_tiles
382,fine_concrete
383,hard_tiles_large_space
384,fine_concrete
385,concrete
386,soft_pvc
387,soft_tiles
388,tiled
389,carpet
390,wood
391,wood
392,concrete
393,concrete
394,concrete
395,soft_tiles
396,soft_pvc
397,soft_pvc
398,concrete
399,concrete
400,tiled
401,fine_concrete
402,wood
403,wood
404,wood
405,soft_tiles
406,carpet
407,soft_pvc
408,hard_tiles_large_space
409,tiled
410,concrete
411,carpet
412,tiled
413,soft_pvc
414,wood
415,hard_tiles_large_space
416,fine_concrete
417,soft_pvc
418,soft_tiles
419,tiled
420,soft_tiles
421,wood
422,tiled
423,soft_pvc
424,wood
425,tiled
426,tiled
427,soft_tiles
428,hard_tiles_large_space
429,concrete
430,concrete
431,tiled
432,soft_pvc
433,concrete
434,soft_tiles
435,wood
436,concrete
437,soft_tiles
438,concrete
439,soft_pvc
440,concrete
441,soft_tiles
442,fine_concrete
443,soft_pvc
444,wood
445,soft_pvc
446,fine_concrete
447,hard_tiles_large_space
448,wood
449,concrete
450,fine_concrete
451,concrete
452,wood
453,tiled
454,soft_tiles
455,concrete
456,concrete
457,tiled
458,tiled
459,fine_concrete
460,soft_tiles
461,wood
462,tiled
463,concrete
464,fine_concrete
465,concrete
466,concrete
467,soft_tiles
468,soft_tiles
469,soft_tiles
470,fine_concrete
471,carpet
472,hard_tiles_large_space
473,tiled
474,tiled
475,soft_pvc
476,wood
477,concrete
478,wood
479,soft_pvc
480,fine_concrete
481,concrete
482,concrete
483,concrete
484,wood
485,carpet
486,fine_concrete
487,concrete
488,wood
489,concrete
490,wood
491,soft_pvc
492,concrete
493,concrete
494,wood
495,carpet
496,wood
497,concrete
498,concrete
499,soft_pvc
500,concrete
501,carpet
502,tiled
503,tiled
504,soft_pvc
505,fine_concrete
506,concrete
507,concrete
508,wood
509,carpet
510,fine_concrete
511,wood
512,soft_tiles
513,soft_tiles
514,soft_pvc
515,tiled
516,fine_concrete
517,wood
518,tiled
519,wood
520,concrete
521,soft_tiles
522,tiled
523,soft_pvc
524,tiled
525,hard_tiles_large_space
526,tiled
527,hard_tiles_large_space
528,wood
529,concrete
530,soft_pvc
531,carpet
532,soft_pvc
533,wood
534,concrete
535,fine_concrete
536,concrete
537,wood
538,fine_concrete
539,wood
540,hard_tiles_large_space
541,carpet
542,fine_concrete
543,concrete
544,soft_tiles
545,concrete
546,wood
547,soft_pvc
548,concrete
549,concrete
550,carpet
551,soft_tiles
552,concrete
553,concrete
554,soft_tiles
555,concrete
556,carpet
557,wood
558,concrete
559,soft_pvc
560,fine_concrete
561,fine_concrete
562,concrete
563,wood
564,concrete
565,concrete
566,tiled
567,tiled
568,wood
569,tiled
570,tiled
571,concrete
572,wood
573,soft_pvc
574,wood
575,wood
576,concrete
577,concrete
578,tiled
579,tiled
580,soft_tiles
581,concrete
582,concrete
583,soft_tiles
584,concrete
585,fine_concrete
586,fine_concrete
587,soft_pvc
588,wood
589,concrete
590,tiled
591,concrete
592,soft_pvc
593,concrete
594,soft_pvc
595,soft_pvc
596,concrete
597,wood
598,tiled
599,concrete
600,concrete
601,carpet
602,soft_tiles
603,soft_tiles
604,wood
605,soft_pvc
606,wood
607,hard_tiles_large_space
608,concrete
609,soft_pvc
610,fine_concrete
611,fine_concrete
612,soft_pvc
613,wood
614,soft_pvc
615,fine_concrete
616,hard_tiles_large_space
617,concrete
618,concrete
619,wood
620,concrete
621,wood
622,soft_pvc
623,wood
624,concrete
625,wood
626,soft_pvc
627,concrete
628,wood
629,soft_pvc
630,concrete
631,wood
632,wood
633,hard_tiles_large_space
634,concrete
635,concrete
636,wood
637,tiled
638,concrete
639,concrete
640,soft_pvc
641,hard_tiles_large_space
642,concrete
643,soft_pvc
644,fine_concrete
645,wood
646,wood
647,concrete
648,fine_concrete
649,hard_tiles_large_space
650,wood
651,soft_pvc
652,concrete
653,concrete
654,fine_concrete
655,wood
656,tiled
657,wood
658,concrete
659,concrete
660,fine_concrete
661,concrete
662,soft_pvc
663,concrete
664,concrete
665,tiled
666,concrete
667,soft_pvc
668,soft_tiles
669,tiled
670,soft_pvc
671,concrete
672,tiled
673,concrete
674,tiled
675,concrete
676,wood
677,concrete
678,fine_concrete
679,wood
680,concrete
681,concrete
682,soft_tiles
683,concrete
684,soft_tiles
685,wood
686,wood
687,tiled
688,soft_pvc
689,wood
690,tiled
691,soft_pvc
692,wood
693,wood
694,soft_pvc
695,fine_concrete
696,wood
697,wood
698,soft_tiles
699,fine_concrete
700,wood
701,concrete
702,fine_concrete
703,tiled
704,soft_tiles
705,hard_tiles
706,hard_tiles_large_space
707,soft_pvc
708,wood
709,tiled
710,wood
711,tiled
712,hard_tiles_large_space
713,soft_pvc
714,wood
715,fine_concrete
716,concrete
717,wood
718,tiled
719,wood
720,soft_tiles
721,soft_pvc
722,concrete
723,concrete
724,soft_tiles
725,concrete
726,concrete
727,wood
728,soft_pvc
729,concrete
730,tiled
731,hard_tiles_large_space
732,concrete
733,concrete
734,concrete
735,concrete
736,soft_pvc
737,hard_tiles_large_space
738,wood
739,concrete
740,fine_concrete
741,wood
742,concrete
743,wood
744,soft_pvc
745,soft_pvc
746,concrete
747,concrete
748,concrete
749,wood
750,soft_tiles
751,wood
752,fine_concrete
753,concrete
754,soft_tiles
755,hard_tiles_large_space
756,concrete
757,soft_tiles
758,wood
759,fine_concrete
760,fine_concrete
761,concrete
762,concrete
763,soft_tiles
764,soft_tiles
765,wood
766,wood
767,concrete
768,soft_pvc
769,fine_concrete
770,soft_pvc
771,concrete
772,fine_concrete
773,hard_tiles
774,tiled
775,wood
776,concrete
777,soft_tiles
778,concrete
779,concrete
780,soft_pvc
781,concrete
782,concrete
783,soft_tiles
784,soft_tiles
785,hard_tiles_large_space
786,tiled
787,fine_concrete
788,concrete
789,wood
790,tiled
791,wood
792,wood
793,concrete
794,wood
795,wood
796,soft_pvc
797,fine_concrete
798,wood
799,concrete
800,soft_tiles
801,concrete
802,hard_tiles_large_space
803,fine_concrete
804,concrete
805,fine_concrete
806,concrete
807,hard_tiles_large_space
808,concrete
809,concrete
810,soft_pvc
811,tiled
812,soft_tiles
813,concrete
814,wood
815,fine_concrete
816,wood
817,soft_tiles
818,soft_pvc
819,tiled
820,concrete
821,concrete
822,concrete
823,soft_pvc
824,concrete
825,concrete
826,soft_pvc
827,concrete
828,soft_pvc
829,concrete
830,fine_concrete
831,concrete
832,hard_tiles_large_space
833,wood
834,wood
835,concrete
836,soft_pvc
837,fine_concrete
838,wood
839,tiled
840,concrete
841,soft_pvc
842,tiled
843,fine_concrete
844,soft_pvc
845,concrete
846,soft_pvc
847,concrete
848,tiled
849,wood
850,soft_pvc
851,soft_pvc
852,concrete
853,concrete
854,concrete
855,tiled
856,concrete
857,fine_concrete
858,concrete
859,concrete
860,wood
861,soft_tiles
862,wood
863,hard_tiles_large_space
864,tiled
865,concrete
866,carpet
867,soft_tiles
868,concrete
869,hard_tiles_large_space
870,soft_tiles
871,wood
872,tiled
873,tiled
874,hard_tiles_large_space
875,wood
876,tiled
877,wood
878,tiled
879,wood
880,soft_pvc
881,concrete
882,soft_tiles
883,wood
884,wood
885,wood
886,concrete
887,tiled
888,fine_concrete
889,fine_concrete
890,tiled
891,soft_pvc
892,soft_pvc
893,concrete
894,soft_pvc
895,tiled
896,concrete
897,concrete
898,tiled
899,wood
900,tiled
901,wood
902,concrete
903,wood
904,tiled
905,fine_concrete
906,fine_concrete
907,wood
908,wood
909,fine_concrete
910,concrete
911,concrete
912,concrete
913,concrete
914,wood
915,soft_pvc
916,carpet
917,tiled
918,concrete
919,soft_tiles
920,tiled
921,soft_pvc
922,fine_concrete
923,hard_tiles_large_space
924,concrete
925,tiled
926,concrete
927,hard_tiles_large_space
928,wood
929,tiled
930,hard_tiles_large_space
931,tiled
932,tiled
933,concrete
934,wood
935,concrete
936,soft_pvc
937,fine_concrete
938,soft_tiles
939,wood
940,concrete
941,tiled
942,soft_pvc
943,wood
944,hard_tiles_large_space
945,wood
946,concrete
947,soft_pvc
948,concrete
949,concrete
950,concrete
951,soft_pvc
952,concrete
953,carpet
954,concrete
955,concrete
956,wood
957,soft_pvc
958,soft_tiles
959,fine_concrete
960,soft_pvc
961,soft_pvc
962,tiled
963,fine_concrete
964,concrete
965,soft_tiles
966,concrete
967,soft_pvc
968,hard_tiles_large_space
969,soft_pvc
970,tiled
971,fine_concrete
972,soft_pvc
973,concrete
974,carpet
975,fine_concrete
976,concrete
977,fine_concrete
978,fine_concrete
979,concrete
980,fine_concrete
981,soft_pvc
982,wood
983,soft_tiles
984,concrete
985,tiled
986,concrete
987,wood
988,concrete
989,concrete
990,concrete
991,wood
992,fine_concrete
993,tiled
994,concrete
995,wood
996,concrete
997,wood
998,hard_tiles_large_space
999,fine_concrete
1000,soft_tiles
1001,concrete
1002,concrete
1003,hard_tiles_large_space
1004,soft_pvc
1005,fine_concrete
1006,fine_concrete
1007,wood
1008,concrete
1009,tiled
1010,tiled
1011,concrete
1012,wood
1013,fine_concrete
1014,concrete
1015,tiled
1016,tiled
1017,concrete
1018,fine_concrete
1019,wood
1020,wood
1021,hard_tiles_large_space
1022,hard_tiles_large_space
1023,concrete
1024,soft_tiles
1025,carpet
1026,soft_pvc
1027,soft_pvc
1028,concrete
1029,wood
1030,fine_concrete
1031,hard_tiles_large_space
1032,concrete
1033,soft_pvc
1034,hard_tiles_large_space
1035,carpet
1036,fine_concrete
1037,carpet
1038,soft_pvc
1039,tiled
1040,fine_concrete
1041,carpet
1042,fine_concrete
1043,soft_pvc
1044,concrete
1045,concrete
1046,concrete
1047,wood
1048,concrete
1049,soft_pvc
1050,wood
1051,soft_pvc
1052,wood
1053,fine_concrete
1054,fine_concrete
1055,soft_tiles
1056,soft_pvc
1057,concrete
1058,wood
1059,fine_concrete
1060,wood
1061,fine_concrete
1062,hard_tiles_large_space
1063,carpet
1064,tiled
1065,soft_pvc
1066,hard_tiles_large_space
1067,tiled
1068,concrete
1069,soft_tiles
1070,hard_tiles_large_space
1071,fine_concrete
1072,wood
1073,concrete
1074,wood
1075,concrete
1076,wood
1077,concrete
1078,soft_pvc
1079,wood
1080,soft_tiles
1081,concrete
1082,fine_concrete
1083,fine_concrete
1084,concrete
1085,tiled
1086,wood
1087,tiled
1088,carpet
1089,fine_concrete
1090,soft_pvc
1091,wood
1092,tiled
1093,tiled
1094,hard_tiles_large_space
1095,tiled
1096,wood
1097,hard_tiles_large_space
1098,wood
1099,concrete
1100,soft_pvc
1101,fine_concrete
1102,soft_pvc
1103,wood
1104,concrete
1105,fine_concrete
1106,concrete
1107,soft_pvc
1108,wood
1109,concrete
1110,carpet
1111,wood
1112,soft_pvc
1113,fine_concrete
1114,soft_pvc
1115,soft_pvc
1116,concrete
1117,fine_concrete
1118,fine_concrete
1119,concrete
1120,tiled
1121,concrete
1122,soft_pvc
1123,soft_pvc
1124,tiled
1125,wood
1126,concrete
1127,hard_tiles_large_space
1128,soft_tiles
1129,concrete
1130,soft_tiles
1131,soft_pvc
1132,concrete
1133,concrete
1134,soft_tiles
1135,fine_concrete
1136,tiled
1137,wood
1138,soft_tiles
1139,concrete
1140,wood
1141,hard_tiles_large_space
1142,soft_pvc
1143,wood
1144,soft_pvc
1145,soft_pvc
1146,concrete
1147,soft_tiles
1148,concrete
1149,concrete
1150,concrete
1151,concrete
1152,concrete
1153,soft_pvc
1154,carpet
1155,concrete
1156,tiled
1157,tiled
1158,concrete
1159,wood
1160,concrete
1161,concrete
1162,concrete
1163,concrete
1164,concrete
1165,wood
1166,soft_pvc
1167,hard_tiles_large_space
1168,wood
1169,wood
1170,hard_tiles_large_space
1171,soft_pvc
1172,hard_tiles_large_space
1173,fine_concrete
1174,fine_concrete
1175,concrete
1176,hard_tiles_large_space
1177,wood
1178,tiled
1179,tiled
1180,tiled
1181,soft_tiles
1182,wood
1183,concrete
1184,concrete
1185,hard_tiles_large_space
1186,tiled
1187,concrete
1188,tiled
1189,soft_tiles
1190,hard_tiles_large_space
1191,soft_tiles
1192,tiled
1193,carpet
1194,wood
1195,concrete
1196,wood
1197,fine_concrete
1198,hard_tiles_large_space
1199,fine_concrete
1200,tiled
1201,concrete
1202,fine_concrete
1203,concrete
1204,fine_concrete
1205,soft_tiles
1206,soft_pvc
1207,soft_tiles
1208,concrete
1209,concrete
1210,concrete
1211,tiled
1212,carpet
1213,soft_tiles
1214,tiled
1215,wood
1216,hard_tiles_large_space
1217,hard_tiles_large_space
1218,wood
1219,wood
1220,fine_concrete
1221,wood
1222,wood
1223,wood
1224,soft_tiles
1225,soft_pvc
1226,soft_pvc
1227,concrete
1228,wood
1229,fine_concrete
1230,soft_pvc
1231,concrete
1232,fine_concrete
1233,wood
1234,concrete
1235,wood
1236,fine_concrete
1237,hard_tiles_large_space
1238,concrete
1239,concrete
1240,concrete
1241,wood
1242,tiled
1243,concrete
1244,soft_pvc
1245,tiled
1246,wood
1247,tiled
1248,concrete
1249,concrete
1250,soft_tiles
1251,concrete
1252,concrete
1253,wood
1254,soft_pvc
1255,concrete
1256,fine_concrete
1257,concrete
1258,concrete
1259,concrete
1260,wood
1261,fine_concrete
1262,fine_concrete
1263,wood
1264,concrete
1265,soft_pvc
1266,hard_tiles_large_space
1267,soft_pvc
1268,fine_concrete
1269,concrete
1270,carpet
1271,tiled
1272,soft_pvc
1273,wood
1274,soft_pvc
1275,fine_concrete
1276,wood
1277,concrete
1278,hard_tiles_large_space
1279,fine_concrete
1280,concrete
1281,tiled
1282,concrete
1283,fine_concrete
1284,soft_pvc
1285,fine_concrete
1286,tiled
1287,concrete
1288,soft_tiles
1289,wood
1290,concrete
1291,concrete
1292,hard_tiles
1293,concrete
1294,fine_concrete
1295,tiled
1296,hard_tiles_large_space
1297,concrete
1298,concrete
1299,soft_tiles
1300,wood
1301,fine_concrete
1302,concrete
1303,soft_pvc
1304,concrete
1305,soft_tiles
1306,concrete
1307,concrete
1308,fine_concrete
1309,concrete
1310,concrete
1311,concrete
1312,concrete
1313,hard_tiles_large_space
1314,fine_concrete
1315,wood
1316,concrete
1317,tiled
1318,wood
1319,tiled
1320,tiled
1321,carpet
1322,concrete
1323,soft_tiles
1324,fine_concrete
1325,concrete
1326,concrete
1327,soft_pvc
1328,soft_pvc
1329,concrete
1330,tiled
1331,soft_tiles
1332,carpet
1333,concrete
1334,concrete
1335,hard_tiles_large_space
1336,fine_concrete
1337,carpet
1338,hard_tiles_large_space
1339,soft_pvc
1340,fine_concrete
1341,soft_tiles
1342,concrete
1343,soft_tiles
1344,soft_tiles
1345,fine_concrete
1346,tiled
1347,tiled
1348,tiled
1349,hard_tiles_large_space
1350,hard_tiles_large_space
1351,concrete
1352,soft_tiles
1353,fine_concrete
1354,soft_tiles
1355,concrete
1356,tiled
1357,concrete
1358,soft_tiles
1359,wood
1360,carpet
1361,hard_tiles_large_space
1362,concrete
1363,wood
1364,concrete
1365,tiled
1366,carpet
1367,soft_tiles
1368,tiled
1369,soft_tiles
1370,fine_concrete
1371,soft_pvc
1372,wood
1373,soft_tiles
1374,fine_concrete
1375,hard_tiles_large_space
1376,concrete
1377,hard_tiles_large_space
1378,wood
1379,soft_pvc
1380,hard_tiles_large_space
1381,tiled
1382,soft_pvc
1383,hard_tiles_large_space
1384,concrete
1385,wood
1386,hard_tiles_large_space
1387,fine_concrete
1388,wood
1389,concrete
1390,fine_concrete
1391,tiled
1392,fine_concrete
1393,concrete
1394,tiled
1395,concrete
1396,concrete
1397,concrete
1398,fine_concrete
1399,wood
1400,concrete
1401,concrete
1402,soft_tiles
1403,soft_pvc
1404,wood
1405,hard_tiles_large_space
1406,fine_concrete
1407,soft_tiles
1408,tiled
1409,soft_pvc
1410,concrete
1411,carpet
1412,concrete
1413,soft_pvc
1414,soft_pvc
1415,soft_pvc
1416,fine_concrete
1417,fine_concrete
1418,fine_concrete
1419,tiled
1420,soft_pvc
1421,wood
1422,wood
1423,concrete
1424,concrete
1425,soft_pvc
1426,soft_tiles
1427,hard_tiles_large_space
1428,soft_tiles
1429,tiled
1430,concrete
1431,concrete
1432,concrete
1433,soft_tiles
1434,concrete
1435,carpet
1436,tiled
1437,fine_concrete
1438,soft_pvc
1439,wood
1440,wood
1441,fine_concrete
1442,fine_concrete
1443,tiled
1444,soft_pvc
1445,wood
1446,concrete
1447,concrete
1448,concrete
1449,fine_concrete
1450,concrete
1451,hard_tiles
1452,soft_pvc
1453,concrete
1454,wood
1455,carpet
1456,soft_pvc
1457,tiled
1458,concrete
1459,concrete
1460,fine_concrete
1461,soft_pvc
1462,concrete
1463,concrete
1464,hard_tiles_large_space
1465,tiled
1466,tiled
1467,wood
1468,soft_pvc
1469,wood
1470,soft_pvc
1471,concrete
1472,soft_pvc
1473,concrete
1474,fine_concrete
1475,concrete
1476,fine_concrete
1477,carpet
1478,fine_concrete
1479,concrete
1480,concrete
1481,fine_concrete
1482,concrete
1483,concrete
1484,wood
1485,fine_concrete
1486,soft_tiles
1487,tiled
1488,tiled
1489,tiled
1490,wood
1491,concrete
1492,tiled
1493,fine_concrete
1494,concrete
1495,wood
1496,wood
1497,tiled
1498,tiled
1499,concrete
1500,soft_pvc
1501,concrete
1502,soft_pvc
1503,concrete
1504,fine_concrete
1505,concrete
1506,wood
1507,fine_concrete
1508,wood
1509,fine_concrete
1510,soft_pvc
1511,tiled
1512,soft_pvc
1513,wood
1514,concrete
1515,concrete
1516,hard_tiles_large_space
1517,soft_tiles
1518,concrete
1519,wood
1520,soft_tiles
1521,wood
1522,soft_tiles
1523,soft_tiles
1524,fine_concrete
1525,tiled
1526,concrete
1527,hard_tiles_large_space
1528,wood
1529,fine_concrete
1530,concrete
1531,wood
1532,concrete
1533,soft_tiles
1534,concrete
1535,wood
1536,hard_tiles_large_space
1537,concrete
1538,carpet
1539,concrete
1540,tiled
1541,concrete
1542,concrete
1543,wood
1544,soft_tiles
1545,soft_pvc
1546,tiled
1547,fine_concrete
1548,soft_tiles
1549,tiled
1550,carpet
1551,concrete
1552,soft_tiles
1553,fine_concrete
1554,tiled
1555,tiled
1556,wood
1557,fine_concrete
1558,concrete
1559,concrete
1560,wood
1561,soft_tiles
1562,tiled
1563,tiled
1564,wood
1565,concrete
1566,wood
1567,hard_tiles_large_space
1568,wood
1569,concrete
1570,concrete
1571,concrete
1572,soft_tiles
1573,concrete
1574,concrete
1575,soft_tiles
1576,soft_tiles
1577,hard_tiles_large_space
1578,tiled
1579,concrete
1580,carpet
1581,soft_pvc
1582,tiled
1583,carpet
1584,concrete
1585,concrete
1586,concrete
1587,carpet
1588,concrete
1589,concrete
1590,tiled
1591,wood
1592,fine_concrete
1593,concrete
1594,wood
1595,concrete
1596,tiled
1597,fine_concrete
1598,wood
1599,hard_tiles_large_space
1600,soft_tiles
1601,fine_concrete
1602,soft_tiles
1603,soft_tiles
1604,soft_pvc
1605,fine_concrete
1606,tiled
1607,concrete
1608,tiled
1609,wood
1610,concrete
1611,soft_pvc
1612,concrete
1613,soft_pvc
1614,wood
1615,soft_tiles
1616,wood
1617,concrete
1618,fine_concrete
1619,fine_concrete
1620,soft_pvc
1621,hard_tiles_large_space
1622,tiled
1623,soft_pvc
1624,soft_tiles
1625,concrete
1626,soft_tiles
1627,concrete
1628,hard_tiles_large_space
1629,fine_concrete
1630,wood
1631,soft_tiles
1632,wood
1633,wood
1634,hard_tiles_large_space
1635,fine_concrete
1636,wood
1637,soft_pvc
1638,fine_concrete
1639,soft_pvc
1640,wood
1641,soft_pvc
1642,fine_concrete
1643,fine_concrete
1644,fine_concrete
1645,soft_pvc
1646,soft_tiles
1647,concrete
1648,wood
1649,wood
1650,carpet
1651,fine_concrete
1652,hard_tiles_large_space
1653,soft_pvc
1654,wood
1655,carpet
1656,fine_concrete
1657,concrete
1658,fine_concrete
1659,wood
1660,fine_concrete
1661,wood
1662,concrete
1663,tiled
1664,fine_concrete
1665,fine_concrete
1666,carpet
1667,concrete
1668,fine_concrete
1669,wood
1670,hard_tiles_large_space
1671,tiled
1672,wood
1673,soft_pvc
1674,wood
1675,soft_pvc
1676,concrete
1677,soft_tiles
1678,soft_tiles
1679,concrete
1680,soft_tiles
1681,fine_concrete
1682,tiled
1683,concrete
1684,tiled
1685,tiled
1686,concrete
1687,concrete
1688,soft_tiles
1689,concrete
1690,hard_tiles_large_space
1691,soft_tiles
1692,soft_pvc
1693,tiled
1694,concrete
1695,hard_tiles_large_space
1696,tiled
1697,tiled
1698,hard_tiles_large_space
1699,soft_tiles
1700,concrete
1701,carpet
1702,soft_pvc
1703,tiled
1704,soft_tiles
1705,concrete
1706,soft_tiles
1707,fine_concrete
1708,soft_pvc
1709,concrete
1710,concrete
1711,soft_tiles
1712,concrete
1713,hard_tiles_large_space
1714,soft_pvc
1715,tiled
1716,soft_pvc
1717,hard_tiles
1718,wood
1719,soft_tiles
1720,concrete
1721,hard_tiles_large_space
1722,fine_concrete
1723,soft_tiles
1724,tiled
1725,soft_pvc
1726,tiled
1727,soft_pvc
1728,soft_tiles
1729,concrete
1730,tiled
1731,fine_concrete
1732,tiled
1733,tiled
1734,fine_concrete
1735,concrete
1736,soft_tiles
1737,soft_pvc
1738,concrete
1739,concrete
1740,fine_concrete
1741,concrete
1742,concrete
1743,wood
1744,tiled
1745,concrete
1746,wood
1747,soft_tiles
1748,fine_concrete
1749,wood
1750,fine_concrete
1751,concrete
1752,concrete
1753,hard_tiles_large_space
1754,concrete
1755,concrete
1756,concrete
1757,soft_pvc
1758,tiled
1759,wood
1760,carpet
1761,concrete
1762,concrete
1763,wood
1764,tiled
1765,concrete
1766,hard_tiles_large_space
1767,soft_tiles
1768,soft_pvc
1769,concrete
1770,soft_pvc
1771,concrete
1772,soft_pvc
1773,concrete
1774,soft_tiles
1775,soft_pvc
1776,wood
1777,concrete
1778,concrete
1779,soft_pvc
1780,fine_concrete
1781,hard_tiles_large_space
1782,wood
1783,soft_tiles
1784,wood
1785,fine_concrete
1786,soft_tiles
1787,fine_concrete
1788,tiled
1789,soft_tiles
1790,soft_tiles
1791,carpet
1792,concrete
1793,soft_pvc
1794,concrete
1795,hard_tiles_large_space
1796,concrete
1797,concrete
1798,concrete
1799,carpet
1800,concrete
1801,tiled
1802,wood
1803,wood
1804,concrete
1805,soft_tiles
1806,concrete
1807,concrete
1808,soft_tiles
1809,concrete
1810,concrete
1811,soft_tiles
1812,concrete
1813,tiled
1814,concrete
1815,soft_pvc
1816,soft_tiles
1817,fine_concrete
1818,soft_pvc
1819,fine_concrete
1820,wood
1821,wood
1822,soft_tiles
1823,wood
1824,wood
1825,wood
1826,wood
1827,concrete
1828,soft_tiles
1829,concrete
1830,tiled
1831,wood
1832,concrete
1833,fine_concrete
1834,fine_concrete
1835,tiled
1836,concrete
1837,fine_concrete
1838,soft_tiles
1839,concrete
1840,soft_pvc
1841,tiled
1842,fine_concrete
1843,concrete
1844,concrete
1845,soft_tiles
1846,tiled
1847,carpet
1848,fine_concrete
1849,soft_pvc
1850,tiled
1851,concrete
1852,concrete
1853,wood
1854,concrete
1855,fine_concrete
1856,fine_concrete
1857,soft_tiles
1858,soft_tiles
1859,concrete
1860,concrete
1861,concrete
1862,tiled
1863,concrete
1864,fine_concrete
1865,concrete
1866,soft_pvc
1867,soft_pvc
1868,carpet
1869,tiled
1870,wood
1871,concrete
1872,tiled
1873,tiled
1874,fine_concrete
1875,fine_concrete
1876,concrete
1877,soft_pvc
1878,soft_tiles
1879,wood
1880,concrete
1881,tiled
1882,soft_pvc
1883,soft_pvc
1884,fine_concrete
1885,tiled
1886,soft_pvc
1887,tiled
1888,fine_concrete
1889,concrete
1890,concrete
1891,fine_concrete
1892,tiled
1893,wood
1894,fine_concrete
1895,concrete
1896,concrete
1897,wood
1898,concrete
1899,tiled
1900,fine_concrete
1901,soft_tiles
1902,tiled
1903,concrete
1904,tiled
1905,fine_concrete
1906,concrete
1907,wood
1908,tiled
1909,soft_tiles
1910,fine_concrete
1911,fine_concrete
1912,hard_tiles_large_space
1913,fine_concrete
1914,concrete
1915,soft_pvc
1916,wood
1917,wood
1918,concrete
1919,soft_pvc
1920,concrete
1921,concrete
1922,wood
1923,concrete
1924,wood
1925,concrete
1926,soft_pvc
1927,tiled
1928,tiled
1929,fine_concrete
1930,concrete
1931,concrete
1932,carpet
1933,tiled
1934,tiled
1935,wood
1936,wood
1937,soft_pvc
1938,tiled
1939,carpet
1940,concrete
1941,soft_tiles
1942,concrete
1943,concrete
1944,hard_tiles_large_space
1945,fine_concrete
1946,soft_tiles
1947,concrete
1948,concrete
1949,wood
1950,tiled
1951,wood
1952,wood
1953,hard_tiles_large_space
1954,soft_pvc
1955,fine_concrete
1956,soft_tiles
1957,concrete
1958,hard_tiles_large_space
1959,hard_tiles_large_space
1960,concrete
1961,wood
1962,concrete
1963,wood
1964,concrete
1965,concrete
1966,hard_tiles_large_space
1967,fine_concrete
1968,wood
1969,wood
1970,wood
1971,wood
1972,concrete
1973,hard_tiles_large_space
1974,tiled
1975,soft_tiles
1976,soft_pvc
1977,hard_tiles_large_space
1978,tiled
1979,tiled
1980,concrete
1981,concrete
1982,fine_concrete
1983,tiled
1984,concrete
1985,concrete
1986,soft_pvc
1987,wood
1988,concrete
1989,tiled
1990,wood
1991,carpet
1992,soft_tiles
1993,concrete
1994,tiled
1995,soft_tiles
1996,concrete
1997,wood
1998,concrete
1999,wood
2000,fine_concrete
2001,concrete
2002,concrete
2003,soft_tiles
2004,concrete
2005,concrete
2006,fine_concrete
2007,concrete
2008,soft_pvc
2009,soft_tiles
2010,wood
2011,tiled
2012,soft_pvc
2013,carpet
2014,tiled
2015,concrete
2016,fine_concrete
2017,soft_tiles
2018,soft_tiles
2019,fine_concrete
2020,fine_concrete
2021,soft_pvc
2022,soft_tiles
2023,tiled
2024,soft_tiles
2025,carpet
2026,concrete
2027,hard_tiles_large_space
2028,tiled
2029,carpet
2030,tiled
2031,wood
2032,wood
2033,concrete
2034,concrete
2035,wood
2036,concrete
2037,soft_pvc
2038,wood
2039,tiled
2040,concrete
2041,concrete
2042,fine_concrete
2043,concrete
2044,tiled
2045,tiled
2046,soft_pvc
2047,tiled
2048,wood
2049,concrete
2050,tiled
2051,soft_pvc
2052,concrete
2053,soft_tiles
2054,wood
2055,hard_tiles_large_space
2056,soft_pvc
2057,fine_concrete
2058,concrete
2059,concrete
2060,concrete
2061,concrete
2062,concrete
2063,soft_tiles
2064,wood
2065,soft_pvc
2066,concrete
2067,fine_concrete
2068,concrete
2069,concrete
2070,concrete
2071,wood
2072,concrete
2073,soft_tiles
2074,wood
2075,concrete
2076,concrete
2077,concrete
2078,soft_pvc
2079,fine_concrete
2080,tiled
2081,soft_tiles
2082,wood
2083,concrete
2084,concrete
2085,concrete
2086,soft_tiles
2087,wood
2088,fine_concrete
2089,hard_tiles_large_space
2090,concrete
2091,soft_pvc
2092,concrete
2093,soft_pvc
2094,wood
2095,soft_tiles
2096,wood
2097,soft_pvc
2098,soft_pvc
2099,hard_tiles_large_space
2100,concrete
2101,concrete
2102,concrete
2103,fine_concrete
2104,soft_pvc
2105,fine_concrete
2106,fine_concrete
2107,hard_tiles_large_space
2108,concrete
2109,concrete
2110,tiled
2111,fine_concrete
2112,concrete
2113,soft_tiles
2114,soft_tiles
2115,fine_concrete
2116,tiled
2117,concrete
2118,tiled
2119,soft_tiles
2120,tiled
2121,wood
2122,soft_tiles
2123,soft_pvc
2124,tiled
2125,soft_tiles
2126,fine_concrete
2127,concrete
2128,concrete
2129,tiled
2130,wood
2131,carpet
2132,concrete
2133,hard_tiles_large_space
2134,wood
2135,fine_concrete
2136,hard_tiles_large_space
2137,soft_tiles
2138,concrete
2139,tiled
2140,concrete
2141,soft_pvc
2142,soft_pvc
2143,tiled
2144,soft_tiles
2145,concrete
2146,soft_tiles
2147,soft_pvc
2148,concrete
2149,fine_concrete
2150,soft_pvc
2151,fine_concrete
2152,concrete
2153,wood
2154,wood
2155,soft_tiles
2156,wood
2157,wood
2158,soft_tiles
2159,concrete
2160,wood
2161,fine_concrete
2162,concrete
2163,hard_tiles_large_space
2164,tiled
2165,tiled
2166,fine_concrete
2167,concrete
2168,soft_pvc
2169,tiled
2170,wood
2171,soft_pvc
2172,soft_pvc
2173,soft_tiles
2174,carpet
2175,soft_pvc
2176,concrete
2177,concrete
2178,hard_tiles_large_space
2179,tiled
2180,concrete
2181,tiled
2182,concrete
2183,wood
2184,fine_concrete
2185,tiled
2186,concrete
2187,wood
2188,soft_tiles
2189,wood
2190,tiled
2191,soft_tiles
2192,concrete
2193,wood
2194,soft_tiles
2195,tiled
2196,fine_concrete
2197,soft_pvc
2198,soft_tiles
2199,fine_concrete
2200,soft_tiles
2201,wood
2202,concrete
2203,concrete
2204,concrete
2205,concrete
2206,wood
2207,wood
2208,soft_pvc
2209,fine_concrete
2210,fine_concrete
2211,soft_pvc
2212,concrete
2213,wood
2214,fine_concrete
2215,hard_tiles_large_space
2216,concrete
2217,soft_tiles
2218,fine_concrete
2219,soft_pvc
2220,concrete
2221,wood
2222,tiled
2223,wood
2224,concrete
2225,concrete
2226,soft_pvc
2227,wood
2228,hard_tiles_large_space
2229,soft_tiles
2230,concrete
2231,tiled
2232,soft_pvc
2233,soft_pvc
2234,concrete
2235,hard_tiles_large_space
2236,soft_tiles
2237,wood
2238,concrete
2239,soft_pvc
2240,carpet
2241,wood
2242,concrete
2243,concrete
2244,soft_tiles
2245,soft_pvc
2246,fine_concrete
2247,fine_concrete
2248,tiled
2249,concrete
2250,soft_tiles
2251,carpet
2252,fine_concrete
2253,concrete
2254,fine_concrete
2255,fine_concrete
2256,tiled
2257,tiled
2258,soft_tiles
2259,soft_pvc
2260,soft_tiles
2261,wood
2262,wood
2263,fine_concrete
2264,soft_tiles
2265,hard_tiles_large_space
2266,soft_pvc
2267,concrete
2268,soft_tiles
2269,wood
2270,fine_concrete
2271,wood
2272,wood
2273,hard_tiles_large_space
2274,concrete
2275,wood
2276,tiled
2277,tiled
2278,wood
2279,wood
2280,tiled
2281,wood
2282,fine_concrete
2283,tiled
2284,carpet
2285,concrete
2286,concrete
2287,hard_tiles_large_space
2288,concrete
2289,concrete
2290,concrete
2291,fine_concrete
2292,tiled
2293,hard_tiles_large_space
2294,wood
2295,concrete
2296,carpet
2297,soft_tiles
2298,soft_pvc
2299,wood
2300,fine_concrete
2301,fine_concrete
2302,concrete
2303,soft_pvc
2304,soft_pvc
2305,concrete
2306,concrete
2307,fine_concrete
2308,fine_concrete
2309,concrete
2310,wood
2311,concrete
2312,soft_pvc
2313,soft_tiles
2314,fine_concrete
2315,wood
2316,carpet
2317,concrete
2318,tiled
2319,fine_concrete
2320,wood
2321,soft_tiles
2322,carpet
2323,wood
2324,fine_concrete
2325,tiled
2326,hard_tiles_large_space
2327,soft_tiles
2328,soft_tiles
2329,wood
2330,fine_concrete
2331,soft_pvc
2332,soft_pvc
2333,soft_pvc
2334,concrete
2335,wood
2336,concrete
2337,soft_pvc
2338,soft_tiles
2339,soft_pvc
2340,concrete
2341,tiled
2342,fine_concrete
2343,concrete
2344,hard_tiles_large_space
2345,fine_concrete
2346,concrete
2347,tiled
2348,concrete
2349,tiled
2350,soft_pvc
2351,concrete
2352,soft_tiles
2353,wood
2354,soft_tiles
2355,soft_tiles
2356,soft_pvc
2357,fine_concrete
2358,fine_concrete
2359,wood
2360,concrete
2361,wood
2362,fine_concrete
2363,concrete
2364,soft_pvc
2365,soft_tiles
2366,concrete
2367,concrete
2368,wood
2369,wood
2370,soft_tiles
2371,soft_pvc
2372,soft_pvc
2373,concrete
2374,soft_tiles
2375,fine_concrete
2376,fine_concrete
2377,concrete
2378,wood
2379,fine_concrete
2380,tiled
2381,soft_tiles
2382,tiled
2383,wood
2384,fine_concrete
2385,concrete
2386,tiled
2387,carpet
2388,fine_concrete
2389,fine_concrete
2390,soft_pvc
2391,soft_tiles
2392,wood
2393,carpet
2394,soft_pvc
2395,fine_concrete
2396,soft_pvc
2397,concrete
2398,fine_concrete
2399,soft_pvc
2400,tiled
2401,concrete
2402,soft_pvc
2403,concrete
2404,hard_tiles_large_space
2405,tiled
2406,wood
2407,soft_tiles
2408,concrete
2409,concrete
2410,fine_concrete
2411,carpet
2412,tiled
2413,concrete
2414,carpet
2415,carpet
2416,tiled
2417,tiled
2418,fine_concrete
2419,soft_tiles
2420,carpet
2421,soft_tiles
2422,tiled
2423,carpet
2424,soft_tiles
2425,concrete
2426,fine_concrete
2427,tiled
2428,concrete
2429,wood
2430,fine_concrete
2431,hard_tiles_large_space
2432,wood
2433,concrete
2434,fine_concrete
2435,soft_tiles
2436,concrete
2437,concrete
2438,hard_tiles_large_space
2439,soft_pvc
2440,concrete
2441,wood
2442,hard_tiles_large_space
2443,fine_concrete
2444,concrete
2445,soft_pvc
2446,concrete
2447,soft_tiles
2448,hard_tiles_large_space
2449,wood
2450,concrete
2451,concrete
2452,soft_pvc
2453,concrete
2454,concrete
2455,fine_concrete
2456,tiled
2457,concrete
2458,soft_tiles
2459,concrete
2460,wood
2461,wood
2462,wood
2463,concrete
2464,wood
2465,carpet
2466,wood
2467,concrete
2468,soft_pvc
2469,fine_concrete
2470,concrete
2471,hard_tiles_large_space
2472,soft_pvc
2473,hard_tiles_large_space
2474,soft_pvc
2475,wood
2476,concrete
2477,concrete
2478,concrete
2479,wood
2480,concrete
2481,soft_tiles
2482,soft_tiles
2483,wood
2484,carpet
2485,hard_tiles_large_space
2486,fine_concrete
2487,soft_pvc
2488,concrete
2489,hard_tiles_large_space
2490,concrete
2491,concrete
2492,soft_pvc
2493,concrete
2494,concrete
2495,concrete
2496,soft_pvc
2497,soft_pvc
2498,wood
2499,concrete
2500,carpet
2501,concrete
2502,soft_tiles
2503,wood
2504,concrete
2505,fine_concrete
2506,concrete
2507,concrete
2508,concrete
2509,soft_pvc
2510,fine_concrete
2511,concrete
2512,wood
2513,soft_pvc
2514,concrete
2515,fine_concrete
2516,fine_concrete
2517,carpet
2518,carpet
2519,fine_concrete
2520,soft_tiles
2521,concrete
2522,fine_concrete
2523,wood
2524,soft_pvc
2525,concrete
2526,soft_pvc
2527,hard_tiles_large_space
2528,carpet
2529,soft_tiles
2530,wood
2531,soft_tiles
2532,carpet
2533,fine_concrete
2534,concrete
2535,concrete
2536,wood
2537,soft_tiles
2538,soft_tiles
2539,soft_tiles
2540,hard_tiles_large_space
2541,concrete
2542,wood
2543,tiled
2544,tiled
2545,concrete
2546,wood
2547,concrete
2548,fine_concrete
2549,tiled
2550,tiled
2551,soft_pvc
2552,wood
2553,soft_pvc
2554,tiled
2555,soft_tiles
2556,tiled
2557,concrete
2558,wood
2559,concrete
2560,hard_tiles_large_space
2561,wood
2562,concrete
2563,soft_tiles
2564,tiled
2565,soft_pvc
2566,concrete
2567,wood
2568,concrete
2569,concrete
2570,concrete
2571,soft_pvc
2572,soft_pvc
2573,fine_concrete
2574,wood
2575,wood
2576,soft_tiles
2577,concrete
2578,wood
2579,soft_pvc
2580,fine_concrete
2581,concrete
2582,carpet
2583,concrete
2584,wood
2585,soft_tiles
2586,hard_tiles_large_space
2587,concrete
2588,concrete
2589,tiled
2590,soft_tiles
2591,fine_concrete
2592,soft_pvc
2593,carpet
2594,tiled
2595,soft_tiles
2596,fine_concrete
2597,tiled
2598,fine_concrete
2599,concrete
2600,soft_pvc
2601,tiled
2602,carpet
2603,soft_pvc
2604,tiled
2605,concrete
2606,soft_pvc
2607,concrete
2608,concrete
2609,hard_tiles_large_space
2610,concrete
2611,tiled
2612,soft_tiles
2613,concrete
2614,fine_concrete
2615,wood
2616,soft_pvc
2617,wood
2618,fine_concrete
2619,soft_pvc
2620,concrete
2621,tiled
2622,soft_pvc
2623,hard_tiles_large_space
2624,fine_concrete
2625,soft_pvc
2626,soft_pvc
2627,concrete
2628,fine_concrete
2629,concrete
2630,concrete
2631,tiled
2632,hard_tiles_large_space
2633,wood
2634,concrete
2635,concrete
2636,wood
2637,concrete
2638,concrete
2639,soft_pvc
2640,hard_tiles_large_space
2641,fine_concrete
2642,wood
2643,tiled
2644,concrete
2645,tiled
2646,soft_pvc
2647,wood
2648,concrete
2649,soft_pvc
2650,tiled
2651,concrete
2652,fine_concrete
2653,fine_concrete
2654,soft_pvc
2655,tiled
2656,concrete
2657,soft_pvc
2658,hard_tiles_large_space
2659,soft_tiles
2660,soft_pvc
2661,concrete
2662,tiled
2663,soft_pvc
2664,soft_pvc
2665,tiled
2666,soft_pvc
2667,soft_pvc
2668,concrete
2669,fine_concrete
2670,concrete
2671,concrete
2672,concrete
2673,soft_pvc
2674,soft_tiles
2675,concrete
2676,wood
2677,soft_pvc
2678,hard_tiles_large_space
2679,soft_pvc
2680,soft_pvc
2681,carpet
2682,soft_tiles
2683,concrete
2684,concrete
2685,concrete
2686,soft_pvc
2687,tiled
2688,concrete
2689,wood
2690,concrete
2691,concrete
2692,soft_pvc
2693,fine_concrete
2694,carpet
2695,tiled
2696,tiled
2697,hard_tiles_large_space
2698,soft_pvc
2699,soft_pvc
2700,tiled
2701,fine_concrete
2702,carpet
2703,soft_pvc
2704,hard_tiles_large_space
2705,soft_pvc
2706,concrete
2707,tiled
2708,hard_tiles_large_space
2709,soft_pvc
2710,fine_concrete
2711,concrete
2712,tiled
2713,soft_pvc
2714,concrete
2715,wood
2716,hard_tiles_large_space
2717,concrete
2718,tiled
2719,carpet
2720,soft_tiles
2721,tiled
2722,wood
2723,carpet
2724,fine_concrete
2725,fine_concrete
2726,concrete
2727,concrete
2728,wood
2729,tiled
2730,wood
2731,tiled
2732,tiled
2733,fine_concrete
2734,fine_concrete
2735,concrete
2736,concrete
2737,concrete
2738,fine_concrete
2739,soft_tiles
2740,concrete
2741,wood
2742,tiled
2743,concrete
2744,fine_concrete
2745,concrete
2746,fine_concrete
2747,concrete
2748,soft_tiles
2749,wood
2750,wood
2751,concrete
2752,concrete
2753,soft_pvc
2754,concrete
2755,concrete
2756,tiled
2757,soft_pvc
2758,concrete
2759,soft_pvc
2760,concrete
2761,soft_tiles
2762,fine_concrete
2763,hard_tiles_large_space
2764,soft_tiles
2765,concrete
2766,concrete
2767,soft_pvc
2768,fine_concrete
2769,concrete
2770,hard_tiles_large_space
2771,hard_tiles_large_space
2772,soft_pvc
2773,soft_pvc
2774,tiled
2775,wood
2776,soft_tiles
2777,concrete
2778,concrete
2779,fine_concrete
2780,fine_concrete
2781,fine_concrete
2782,soft_pvc
2783,concrete
2784,fine_concrete
2785,tiled
2786,soft_pvc
2787,fine_concrete
2788,hard_tiles_large_space
2789,fine_concrete
2790,hard_tiles_large_space
2791,wood
2792,soft_tiles
2793,concrete
2794,soft_tiles
2795,fine_concrete
2796,concrete
2797,wood
2798,soft_tiles
2799,hard_tiles_large_space
2800,tiled
2801,concrete
2802,wood
2803,fine_concrete
2804,concrete
2805,concrete
2806,concrete
2807,concrete
2808,tiled
2809,soft_tiles
2810,wood
2811,concrete
2812,concrete
2813,soft_tiles
2814,concrete
2815,soft_pvc
2816,carpet
2817,concrete
2818,concrete
2819,carpet
2820,wood
2821,concrete
2822,fine_concrete
2823,concrete
2824,concrete
2825,concrete
2826,soft_tiles
2827,hard_tiles_large_space
2828,soft_tiles
2829,tiled
2830,concrete
2831,tiled
2832,concrete
2833,concrete
2834,tiled
2835,fine_concrete
2836,soft_tiles
2837,concrete
2838,carpet
2839,fine_concrete
2840,fine_concrete
2841,soft_pvc
2842,concrete
2843,concrete
2844,wood
2845,soft_pvc
2846,fine_concrete
2847,concrete
2848,concrete
2849,hard_tiles_large_space
2850,wood
2851,tiled
2852,soft_pvc
2853,wood
2854,tiled
2855,soft_pvc
2856,wood
2857,fine_concrete
2858,concrete
2859,soft_pvc
2860,soft_pvc
2861,wood
2862,hard_tiles_large_space
2863,concrete
2864,wood
2865,concrete
2866,soft_tiles
2867,tiled
2868,soft_pvc
2869,carpet
2870,fine_concrete
2871,concrete
2872,concrete
2873,concrete
2874,soft_pvc
2875,tiled
2876,soft_pvc
2877,concrete
2878,concrete
2879,soft_tiles
2880,carpet
2881,fine_concrete
2882,concrete
2883,carpet
2884,concrete
2885,wood
2886,fine_concrete
2887,soft_tiles
2888,soft_pvc
2889,concrete
2890,soft_tiles
2891,soft_tiles
2892,wood
2893,hard_tiles_large_space
2894,soft_pvc
2895,wood
2896,soft_pvc
2897,soft_tiles
2898,wood
2899,concrete
2900,soft_pvc
2901,soft_tiles
2902,concrete
2903,fine_concrete
2904,carpet
2905,soft_pvc
2906,tiled
2907,tiled
2908,soft_pvc
2909,wood
2910,carpet
2911,tiled
2912,tiled
2913,wood
2914,tiled
2915,concrete
2916,concrete
2917,concrete
2918,concrete
2919,fine_concrete
2920,soft_tiles
2921,soft_tiles
2922,concrete
2923,fine_concrete
2924,fine_concrete
2925,concrete
2926,wood
2927,soft_tiles
2928,soft_pvc
2929,fine_concrete
2930,concrete
2931,concrete
2932,tiled
2933,soft_pvc
2934,soft_pvc
2935,concrete
2936,fine_concrete
2937,wood
2938,soft_tiles
2939,tiled
2940,tiled
2941,hard_tiles_large_space
2942,hard_tiles_large_space
2943,concrete
2944,wood
2945,concrete
2946,soft_pvc
2947,fine_concrete
2948,concrete
2949,concrete
2950,concrete
2951,tiled
2952,soft_tiles
2953,hard_tiles_large_space
2954,hard_tiles_large_space
2955,soft_tiles
2956,concrete
2957,concrete
2958,fine_concrete
2959,soft_pvc
2960,tiled
2961,hard_tiles_large_space
2962,concrete
2963,tiled
2964,wood
2965,soft_tiles
2966,hard_tiles_large_space
2967,wood
2968,tiled
2969,hard_tiles_large_space
2970,soft_tiles
2971,concrete
2972,soft_tiles
2973,soft_pvc
2974,wood
2975,wood
2976,concrete
2977,soft_pvc
2978,concrete
2979,soft_tiles
2980,fine_concrete
2981,concrete
2982,wood
2983,soft_pvc
2984,wood
2985,wood
2986,concrete
2987,carpet
2988,concrete
2989,soft_pvc
2990,wood
2991,concrete
2992,fine_concrete
2993,soft_pvc
2994,soft_pvc
2995,soft_tiles
2996,tiled
2997,concrete
2998,concrete
2999,fine_concrete
3000,wood
3001,soft_pvc
3002,fine_concrete
3003,tiled
3004,carpet
3005,fine_concrete
3006,tiled
3007,soft_tiles
3008,soft_tiles
3009,fine_concrete
3010,soft_pvc
3011,soft_tiles
3012,carpet
3013,fine_concrete
3014,concrete
3015,tiled
3016,tiled
3017,tiled
3018,tiled
3019,wood
3020,wood
3021,concrete
3022,tiled
3023,soft_tiles
3024,soft_pvc
3025,soft_pvc
3026,carpet
3027,fine_concrete
3028,soft_tiles
3029,soft_pvc
3030,soft_tiles
3031,concrete
3032,concrete
3033,hard_tiles_large_space
3034,hard_tiles_large_space
3035,wood
3036,carpet
3037,fine_concrete
3038,wood
3039,wood
3040,soft_pvc
3041,tiled
3042,concrete
3043,concrete
3044,concrete
3045,carpet
3046,soft_pvc
3047,wood
3048,concrete
3049,fine_concrete
3050,wood
3051,soft_tiles
3052,concrete
3053,concrete
3054,hard_tiles_large_space
3055,tiled
3056,wood
3057,soft_tiles
3058,concrete
3059,fine_concrete
3060,hard_tiles_large_space
3061,carpet
3062,soft_tiles
3063,tiled
3064,soft_pvc
3065,tiled
3066,soft_pvc
3067,concrete
3068,concrete
3069,wood
3070,fine_concrete
3071,concrete
3072,soft_pvc
3073,wood
3074,soft_pvc
3075,concrete
3076,wood
3077,concrete
3078,concrete
3079,fine_concrete
3080,carpet
3081,concrete
3082,concrete
3083,fine_concrete
3084,soft_tiles
3085,concrete
3086,soft_pvc
3087,carpet
3088,fine_concrete
3089,hard_tiles_large_space
3090,soft_tiles
3091,carpet
3092,wood
3093,wood
3094,concrete
3095,soft_pvc
3096,fine_concrete
3097,hard_tiles_large_space
3098,concrete
3099,soft_pvc
3100,wood
3101,wood
3102,soft_tiles
3103,soft_pvc
3104,fine_concrete
3105,carpet
3106,fine_concrete
3107,concrete
3108,wood
3109,soft_tiles
3110,soft_pvc
3111,concrete
3112,soft_tiles
3113,wood
3114,wood
3115,concrete
3116,wood
3117,wood
3118,concrete
3119,hard_tiles_large_space
3120,concrete
3121,wood
3122,concrete
3123,wood
3124,hard_tiles_large_space
3125,tiled
3126,wood
3127,wood
3128,wood
3129,soft_tiles
3130,hard_tiles_large_space
3131,concrete
3132,tiled
3133,soft_pvc
3134,tiled
3135,fine_concrete
3136,concrete
3137,concrete
3138,wood
3139,soft_tiles
3140,concrete
3141,soft_pvc
3142,fine_concrete
3143,fine_concrete
3144,wood
3145,soft_tiles
3146,concrete
3147,tiled
3148,fine_concrete
3149,wood
3150,wood
3151,concrete
3152,concrete
3153,tiled
3154,soft_tiles
3155,soft_tiles
3156,hard_tiles_large_space
3157,concrete
3158,concrete
3159,fine_concrete
3160,concrete
3161,fine_concrete
3162,concrete
3163,fine_concrete
3164,fine_concrete
3165,concrete
3166,soft_tiles
3167,soft_pvc
3168,tiled
3169,soft_pvc
3170,concrete
3171,concrete
3172,wood
3173,hard_tiles_large_space
3174,fine_concrete
3175,soft_pvc
3176,soft_pvc
3177,hard_tiles_large_space
3178,concrete
3179,tiled
3180,wood
3181,concrete
3182,soft_pvc
3183,concrete
3184,concrete
3185,concrete
3186,soft_tiles
3187,tiled
3188,soft_tiles
3189,concrete
3190,wood
3191,concrete
3192,wood
3193,fine_concrete
3194,wood
3195,concrete
3196,concrete
3197,soft_pvc
3198,concrete
3199,concrete
3200,concrete
3201,concrete
3202,concrete
3203,concrete
3204,concrete
3205,fine_concrete
3206,concrete
3207,carpet
3208,wood
3209,concrete
3210,soft_pvc
3211,fine_concrete
3212,tiled
3213,concrete
3214,hard_tiles_large_space
3215,soft_pvc
3216,fine_concrete
3217,soft_pvc
3218,concrete
3219,tiled
3220,fine_concrete
3221,carpet
3222,carpet
3223,fine_concrete
3224,tiled
3225,soft_tiles
3226,concrete
3227,soft_tiles
3228,soft_pvc
3229,soft_pvc
3230,fine_concrete
3231,soft_tiles
3232,fine_concrete
3233,fine_concrete
3234,concrete
3235,soft_tiles
3236,fine_concrete
3237,concrete
3238,wood
3239,hard_tiles_large_space
3240,soft_pvc
3241,concrete
3242,fine_concrete
3243,hard_tiles_large_space
3244,concrete
3245,concrete
3246,fine_concrete
3247,concrete
3248,fine_concrete
3249,concrete
3250,soft_tiles
3251,soft_pvc
3252,concrete
3253,concrete
3254,soft_pvc
3255,soft_pvc
3256,wood
3257,wood
3258,tiled
3259,wood
3260,wood
3261,concrete
3262,concrete
3263,tiled
3264,wood
3265,wood
3266,tiled
3267,concrete
3268,wood
3269,soft_tiles
3270,tiled
3271,concrete
3272,fine_concrete
3273,fine_concrete
3274,concrete
3275,soft_pvc
3276,soft_tiles
3277,concrete
3278,tiled
3279,concrete
3280,concrete
3281,fine_concrete
3282,wood
3283,concrete
3284,hard_tiles_large_space
3285,soft_pvc
3286,fine_concrete
3287,concrete
3288,fine_concrete
3289,concrete
3290,concrete
3291,soft_pvc
3292,concrete
3293,wood
3294,concrete
3295,concrete
3296,fine_concrete
3297,hard_tiles_large_space
3298,concrete
3299,wood
3300,soft_pvc
3301,soft_pvc
3302,fine_concrete
3303,concrete
3304,tiled
3305,fine_concrete
3306,concrete
3307,concrete
3308,wood
3309,tiled
3310,soft_pvc
3311,soft_pvc
3312,soft_pvc
3313,wood
3314,wood
3315,fine_concrete
3316,concrete
3317,wood
3318,wood
3319,concrete
3320,fine_concrete
3321,soft_tiles
3322,wood
3323,concrete
3324,soft_pvc
3325,tiled
3326,wood
3327,soft_tiles
3328,soft_tiles
3329,carpet
3330,fine_concrete
3331,concrete
3332,concrete
3333,fine_concrete
3334,hard_tiles_large_space
3335,concrete
3336,tiled
3337,soft_pvc
3338,wood
3339,soft_pvc
3340,fine_concrete
3341,fine_concrete
3342,hard_tiles_large_space
3343,fine_concrete
3344,wood
3345,tiled
3346,carpet
3347,tiled
3348,concrete
3349,soft_pvc
3350,tiled
3351,wood
3352,tiled
3353,soft_tiles
3354,soft_tiles
3355,soft_pvc
3356,fine_concrete
3357,soft_tiles
3358,hard_tiles_large_space
3359,concrete
3360,concrete
3361,concrete
3362,concrete
3363,tiled
3364,soft_pvc
3365,tiled
3366,fine_concrete
3367,wood
3368,soft_tiles
3369,soft_pvc
3370,fine_concrete
3371,fine_concrete
3372,soft_pvc
3373,tiled
3374,wood
3375,wood
3376,fine_concrete
3377,tiled
3378,fine_concrete
3379,concrete
3380,soft_pvc
3381,concrete
3382,tiled
3383,fine_concrete
3384,fine_concrete
3385,concrete
3386,concrete
3387,concrete
3388,soft_pvc
3389,fine_concrete
3390,tiled
3391,concrete
3392,carpet
3393,soft_tiles
3394,tiled
3395,tiled
3396,soft_pvc
3397,wood
3398,soft_pvc
3399,fine_concrete
3400,soft_tiles
3401,wood
3402,soft_tiles
3403,wood
3404,tiled
3405,fine_concrete
3406,fine_concrete
3407,hard_tiles
3408,tiled
3409,fine_concrete
3410,tiled
3411,soft_pvc
3412,concrete
3413,fine_concrete
3414,concrete
3415,concrete
3416,soft_tiles
3417,concrete
3418,concrete
3419,concrete
3420,concrete
3421,tiled
3422,concrete
3423,wood
3424,wood
3425,concrete
3426,concrete
3427,concrete
3428,soft_tiles
3429,concrete
3430,concrete
3431,concrete
3432,concrete
3433,tiled
3434,hard_tiles_large_space
3435,soft_tiles
3436,carpet
3437,wood
3438,soft_pvc
3439,carpet
3440,carpet
3441,wood
3442,concrete
3443,soft_pvc
3444,tiled
3445,concrete
3446,soft_tiles
3447,hard_tiles_large_space
3448,tiled
3449,soft_tiles
3450,soft_pvc
3451,concrete
3452,tiled
3453,wood
3454,soft_tiles
3455,wood
3456,fine_concrete
3457,soft_pvc
3458,carpet
3459,fine_concrete
3460,tiled
3461,concrete
3462,soft_pvc
3463,hard_tiles_large_space
3464,concrete
3465,tiled
3466,wood
3467,soft_pvc
3468,soft_tiles
3469,concrete
3470,wood
3471,wood
3472,concrete
3473,concrete
3474,concrete
3475,fine_concrete
3476,wood
3477,hard_tiles_large_space
3478,soft_pvc
3479,soft_pvc
3480,concrete
3481,concrete
3482,soft_pvc
3483,soft_tiles
3484,wood
3485,hard_tiles_large_space
3486,hard_tiles_large_space
3487,tiled
3488,tiled
3489,soft_pvc
3490,fine_concrete
3491,wood
3492,tiled
3493,concrete
3494,wood
3495,tiled
3496,fine_concrete
3497,fine_concrete
3498,concrete
3499,hard_tiles_large_space
3500,hard_tiles_large_space
3501,wood
3502,wood
3503,hard_tiles_large_space
3504,wood
3505,concrete
3506,concrete
3507,concrete
3508,concrete
3509,fine_concrete
3510,concrete
3511,concrete
3512,hard_tiles_large_space
3513,concrete
3514,hard_tiles_large_space
3515,wood
3516,wood
3517,concrete
3518,wood
3519,soft_pvc
3520,tiled
3521,wood
3522,tiled
3523,soft_tiles
3524,wood
3525,fine_concrete
3526,fine_concrete
3527,tiled
3528,fine_concrete
3529,carpet
3530,soft_tiles
3531,soft_tiles
3532,wood
3533,soft_pvc
3534,wood
3535,soft_pvc
3536,fine_concrete
3537,wood
3538,concrete
3539,concrete
3540,fine_concrete
3541,concrete
3542,tiled
3543,wood
3544,hard_tiles_large_space
3545,wood
3546,fine_concrete
3547,carpet
3548,concrete
3549,soft_tiles
3550,tiled
3551,fine_concrete
3552,soft_tiles
3553,tiled
3554,wood
3555,concrete
3556,wood
3557,concrete
3558,soft_tiles
3559,concrete
3560,hard_tiles_large_space
3561,concrete
3562,soft_pvc
3563,wood
3564,fine_concrete
3565,soft_tiles
3566,soft_pvc
3567,soft_pvc
3568,concrete
3569,concrete
3570,fine_concrete
3571,soft_tiles
3572,carpet
3573,concrete
3574,concrete
3575,concrete
3576,wood
3577,tiled
3578,soft_tiles
3579,tiled
3580,tiled
3581,concrete
3582,concrete
3583,soft_pvc
3584,wood
3585,hard_tiles_large_space
3586,fine_concrete
3587,fine_concrete
3588,fine_concrete
3589,wood
3590,wood
3591,concrete
3592,concrete
3593,concrete
3594,concrete
3595,concrete
3596,fine_concrete
3597,wood
3598,fine_concrete
3599,hard_tiles_large_space
3600,wood
3601,tiled
3602,fine_concrete
3603,soft_pvc
3604,concrete
3605,concrete
3606,concrete
3607,concrete
3608,wood
3609,tiled
3610,carpet
3611,carpet
3612,concrete
3613,tiled
3614,concrete
3615,tiled
3616,soft_tiles
3617,concrete
3618,tiled
3619,soft_pvc
3620,hard_tiles_large_space
3621,hard_tiles_large_space
3622,concrete
3623,soft_tiles
3624,concrete
3625,concrete
3626,soft_tiles
3627,soft_pvc
3628,fine_concrete
3629,wood
3630,carpet
3631,wood
3632,concrete
3633,soft_pvc
3634,tiled
3635,soft_tiles
3636,concrete
3637,fine_concrete
3638,tiled
3639,hard_tiles_large_space
3640,concrete
3641,concrete
3642,wood
3643,concrete
3644,tiled
3645,soft_pvc
3646,wood
3647,fine_concrete
3648,tiled
3649,concrete
3650,soft_pvc
3651,wood
3652,soft_tiles
3653,fine_concrete
3654,soft_pvc
3655,concrete
3656,concrete
3657,wood
3658,tiled
3659,concrete
3660,concrete
3661,concrete
3662,soft_tiles
3663,fine_concrete
3664,concrete
3665,wood
3666,hard_tiles_large_space
3667,wood
3668,hard_tiles_large_space
3669,concrete
3670,fine_concrete
3671,concrete
3672,wood
3673,fine_concrete
3674,tiled
3675,fine_concrete
3676,carpet
3677,concrete
3678,concrete
3679,tiled
3680,concrete
3681,soft_pvc
3682,concrete
3683,fine_concrete
3684,wood
3685,hard_tiles_large_space
3686,hard_tiles_large_space
3687,tiled
3688,concrete
3689,wood
3690,tiled
3691,concrete
3692,tiled
3693,wood
3694,soft_tiles
3695,soft_tiles
3696,wood
3697,wood
3698,wood
3699,soft_tiles
3700,wood
3701,concrete
3702,concrete
3703,tiled
3704,soft_tiles
3705,tiled
3706,wood
3707,concrete
3708,tiled
3709,hard_tiles_large_space
3710,concrete
3711,soft_pvc
3712,concrete
3713,fine_concrete
3714,concrete
3715,fine_concrete
3716,concrete
3717,concrete
3718,concrete
3719,concrete
3720,tiled
3721,soft_tiles
3722,soft_tiles
3723,concrete
3724,concrete
3725,soft_pvc
3726,tiled
3727,hard_tiles_large_space
3728,wood
3729,soft_tiles
3730,wood
3731,fine_concrete
3732,tiled
3733,wood
3734,concrete
3735,hard_tiles_large_space
3736,soft_tiles
3737,wood
3738,soft_pvc
3739,soft_tiles
3740,soft_pvc
3741,concrete
3742,tiled
3743,soft_pvc
3744,concrete
3745,soft_pvc
3746,tiled
3747,tiled
3748,concrete
3749,wood
3750,soft_pvc
3751,wood
3752,wood
3753,soft_pvc
3754,soft_pvc
3755,soft_tiles
3756,wood
3757,soft_pvc
3758,wood
3759,hard_tiles_large_space
3760,concrete
3761,carpet
3762,concrete
3763,fine_concrete
3764,concrete
3765,concrete
3766,concrete
3767,tiled
3768,soft_tiles
3769,soft_pvc
3770,tiled
3771,wood
3772,concrete
3773,fine_concrete
3774,soft_tiles
3775,tiled
3776,concrete
3777,concrete
3778,concrete
3779,soft_pvc
3780,soft_pvc
3781,soft_pvc
3782,fine_concrete
3783,concrete
3784,soft_tiles
3785,hard_tiles_large_space
3786,tiled
3787,concrete
3788,hard_tiles_large_space
3789,concrete
3790,concrete
3791,hard_tiles_large_space
3792,soft_pvc
3793,wood
3794,concrete
3795,concrete
3796,concrete
3797,concrete
3798,soft_pvc
3799,concrete
3800,hard_tiles_large_space
3801,fine_concrete
3802,fine_concrete
3803,concrete
3804,concrete
3805,soft_pvc
3806,concrete
3807,wood
3808,tiled
3809,carpet
3810,concrete
3811,soft_pvc
3812,carpet
3813,fine_concrete
3814,tiled
3815,wood
